<?xml version="1.0" encoding="UTF-8"?>
<project-private xmlns="http://www.netbeans.org/ns/project-private/1">
    <editor-bookmarks xmlns="http://www.netbeans.org/ns/editor-bookmarks/2" lastBookmarkId="0"/>
    <open-files xmlns="http://www.netbeans.org/ns/projectui-open-files/2">
        <group>
            <file>file:/E:/Aplikasi%20Online%20Penjualan%20Tiket%20Kereta/TiketKereta/src/PerulanganTiketKereta.java</file>
            <file>file:/E:/Aplikasi%20Online%20Penjualan%20Tiket%20Kereta/TiketKereta/src/F_TambahData.java</file>
            <file>file:/E:/Aplikasi%20Online%20Penjualan%20Tiket%20Kereta/TiketKereta/src/F_Home.java</file>
            <file>file:/E:/Aplikasi%20Online%20Penjualan%20Tiket%20Kereta/TiketKereta/src/F_EditData.java</file>
            <file>file:/E:/Aplikasi%20Online%20Penjualan%20Tiket%20Kereta/TiketKereta/src/F_LoginAplikasi.java</file>
            <file>file:/E:/Aplikasi%20Online%20Penjualan%20Tiket%20Kereta/TiketKereta/src/F_Registrasi.java</file>
        </group>
    </open-files>
</project-private>
